URL,Last crawled
https://getmindy.ai/contractors/the-haskell-company,2026-08-22
https://getmindy.ai/naics/811310/ar,2026-08-22
https://getmindy.ai/contractors/lovell-government-services-inc/agencies,2026-08-22
https://getmindy.ai/contractors/na-alii-consulting-and-sales-llc/naics,2026-08-22
https://getmindy.ai/mcp/account,2026-08-22
https://getmindy.ai/contractors/ja-moody-llc/naics,2026-08-22
https://getmindy.ai/contractors/alliant-insurance-services-inc/agencies,2026-08-22
https://getmindy.ai/contractors/artesian-contracting-company-inc/naics,2026-08-22
https://getmindy.ai/contractors/olgoonik-enterprises-llc,2026-08-22
https://getmindy.ai/opportunity/sli-50-telecom-invt-50d62d16,2026-08-22
https://getmindy.ai/contractors/agbm-ati-joint-venture,2026-08-22
https://getmindy.ai/contractors/taylor-corp,2026-08-22
https://getmindy.ai/contractors/qbs-inc/naics,2026-08-22
https://getmindy.ai/contractors/computer-sciences-corporation/naics,2026-08-22
https://getmindy.ai/contractors/pergravis-llc/naics,2026-08-22
https://getmindy.ai/opportunity/49-creeper-mechanic-s-264973ab,2026-08-22
https://getmindy.ai/contractors/armorsource-llc,2026-08-22
https://getmindy.ai/contractors/x-technologies-inc/agencies,2026-08-22
https://getmindy.ai/market-assassin-locked,2026-08-22
https://getmindy.ai/contractors/cherokee-nation-mission-solutions-l-l-c/agencies,2026-08-21
https://getmindy.ai/contractors/omni-business-systems-inc/naics,2026-08-21
https://getmindy.ai/contractors/technology-and-telecommunications-consultants-inc/naics,2026-08-21
https://getmindy.ai/contractors/unified-services-of-texas-llc,2026-08-21
https://getmindy.ai/contractors/tigua-enterprises-inc/agencies,2026-08-21
https://getmindy.ai/contractors/credence-dynamo-solutions-llc/agencies,2026-08-21
https://getmindy.ai/naics/236220/co,2026-08-21
https://getmindy.ai/contractors/black-box-corporation/agencies,2026-08-21
https://getmindy.ai/opportunity/25-cap-grease-d454794a,2026-08-21
https://getmindy.ai/contractors/government-contract-solutions-inc/agencies,2026-08-21
https://getmindy.ai/contractors/tabatchnick-fine-foods-inc/naics,2026-08-21
https://getmindy.ai/psc/s112,2026-08-21
https://getmindy.ai/contractors/walker-and-associates-inc/agencies,2026-08-21
https://getmindy.ai/contractors/elevance-health-inc/agencies,2026-08-21
https://getmindy.ai/naics/531190/ak,2026-08-21
https://getmindy.ai/contractors/cas-fse-jv-ii-llc/naics,2026-08-21
https://getmindy.ai/contractors/nes-associates-llc/agencies,2026-08-21
https://getmindy.ai/contractors/microwave-power-products-inc/agencies,2026-08-21
https://getmindy.ai/contractors/ppw-builders-inc/naics,2026-08-21
https://getmindy.ai/contractors/the-escal-institute-of-advanced-technologies-inc,2026-08-21
https://getmindy.ai/contractors/analytic-acquisitions-llc/agencies,2026-08-21
https://getmindy.ai/contractors/export-220volt-inc/agencies,2026-08-21
https://getmindy.ai/contractors/cliffside-refiners-l-p,2026-08-21
https://getmindy.ai/contractors/gryphon-technologies-inc/naics,2026-08-21
https://getmindy.ai/contractors/glen-mar-construction-inc/agencies,2026-08-21
https://getmindy.ai/contractors/nomad-global-communication-solutions-incorporated/naics,2026-08-21
https://getmindy.ai/opportunity/matrix-array-ultrasonic-testing-ndi-system-33054e7e,2026-08-21
https://getmindy.ai/opportunity/47-coupling-tube-84ad3d29,2026-08-21
https://getmindy.ai/opportunity/fe-john-deere-544h-loader-repair-a3ed32c9,2026-08-21
https://getmindy.ai/contractors/calspan-systems-corporation/agencies,2026-08-21
https://getmindy.ai/contractors/fefa-llc/naics,2026-08-21
https://getmindy.ai/contractors/erie-affiliates-inc,2026-08-21
https://getmindy.ai/contractors/cci-facility-contractors-llc/naics,2026-08-21
https://getmindy.ai/contractors/vsgi-solutionz-llc/naics,2026-08-21
https://getmindy.ai/naics/562991/ct,2026-08-21
https://getmindy.ai/contractors/schafer-government-services-llc/agencies,2026-08-21
https://getmindy.ai/contractors/j-squared-inc/agencies,2026-08-21
https://getmindy.ai/contractors/rcg-of-north-carolina-llc/agencies,2026-08-21
https://getmindy.ai/contractors/csp-enterprises-llc/naics,2026-08-21
https://getmindy.ai/naics/325412/nv,2026-08-21
https://getmindy.ai/psc/h365,2026-08-21
https://getmindy.ai/contractors/development-infostructure-llc/agencies,2026-08-21
https://getmindy.ai/contractors/windmill-international-inc/naics,2026-08-21
https://getmindy.ai/psc/1940,2026-08-21
https://getmindy.ai/psc/j045,2026-08-21
https://getmindy.ai/contractors/schatz-publishing-group-llc/agencies,2026-08-21
https://getmindy.ai/contractors/lenco-industries-inc,2026-08-21
https://getmindy.ai/opportunity/43-sleeve-shaft-pump-4f503f55,2026-08-21
https://getmindy.ai/contractors/kanto-kosan-co-ltd/naics,2026-08-21
https://getmindy.ai/contractors/anthony-vineyards-inc,2026-08-21
https://getmindy.ai/contractors/m-pak-inc/agencies,2026-08-21
https://getmindy.ai/contractors/international-construction-inc/naics,2026-08-21
https://getmindy.ai/contractors/university-of-chicago/agencies,2026-08-21
https://getmindy.ai/contractors/korn-ferry-international/naics,2026-08-21
https://getmindy.ai/contractors/cfi-group-worldwide-llc/agencies,2026-08-21
https://getmindy.ai/contractors/hal-hays-construction-inc/naics,2026-08-21
https://getmindy.ai/contractors/standard-biotools-inc/naics,2026-08-21
https://getmindy.ai/contractors/bpaservices-llc,2026-08-21
https://getmindy.ai/contractors/capital-brand-group-llc/naics,2026-08-21
https://getmindy.ai/contractors/interior-systems-inc,2026-08-21
https://getmindy.ai/contractors/north-wind-construction-services-llc/naics,2026-08-21
https://getmindy.ai/contractors/altus-llc,2026-08-21
https://getmindy.ai/contractors/quality-electrodynamics-llc/naics,2026-08-21
https://getmindy.ai/contractors/mdm-construction-supply-llc/naics,2026-08-21
https://getmindy.ai/contractors/intecon-llc/naics,2026-08-21
https://getmindy.ai/contractors/northeast-ship-repair-inc/naics,2026-08-21
https://getmindy.ai/contractors/w-rtsil-oyj-abp,2026-08-21
https://getmindy.ai/contractors/technology-trends-group-llc/agencies,2026-08-21
https://getmindy.ai/contractors/24x7systems-inc/naics,2026-08-21
https://getmindy.ai/contractors/arete-associates/naics,2026-08-21
https://getmindy.ai/contractors/pop-inc/naics,2026-08-21
https://getmindy.ai/contractors/red-d-arc-inc/naics,2026-08-21
https://getmindy.ai/naics/237990/wa,2026-08-21
https://getmindy.ai/contractors/custom-manufacturing-and-engineering-inc/naics,2026-08-21
https://getmindy.ai/contractors/obera-llc,2026-08-21
https://getmindy.ai/naics/238910/la,2026-08-21
https://getmindy.ai/contractors/environmental-compliance-consultants-inc/naics,2026-08-21
https://getmindy.ai/contractors/little-river-government-contracting-llc/naics,2026-08-21
https://getmindy.ai/contractors/board-of-governers-state-university-system-of-florida/agencies,2026-08-21
https://getmindy.ai/contractors/mhsystems-inc/naics,2026-08-21
https://getmindy.ai/contractors/agera-holdings-llc/agencies,2026-08-21
https://getmindy.ai/contractors/pioneering-decisive-solutions-inc,2026-08-21
https://getmindy.ai/contractors/bridgephase-llc,2026-08-21
https://getmindy.ai/contractors/vanguard-emergency-management-housing-inspection-services,2026-08-21
https://getmindy.ai/contractors/essilorluxottica/naics,2026-08-21
https://getmindy.ai/contractors/stell-environmental-enterprises-inc/agencies,2026-08-21
https://getmindy.ai/contractors/mec-energy-services-llc/agencies,2026-08-21
https://getmindy.ai/contractors/emerson-electric-co/agencies,2026-08-21
https://getmindy.ai/psc/7510,2026-08-21
https://getmindy.ai/contractors/citisco-llc/agencies,2026-08-21
https://getmindy.ai/contractors/channel-fish-processing-co-inc,2026-08-21
https://getmindy.ai/contractors/integrated-laboratory-systems-llc/naics,2026-08-21
https://getmindy.ai/contractors/ses-civil-and-environmental-llc,2026-08-21
https://getmindy.ai/contractors/engineering-remediation-resources-group-inc/agencies,2026-08-21
https://getmindy.ai/contractors/thayermahan-inc/naics,2026-08-21
https://getmindy.ai/contractors/scdatacom-llc/naics,2026-08-21
https://getmindy.ai/contractors/midnight-sun-aus-llc/agencies,2026-08-21
https://getmindy.ai/contractors/renco-corporation/naics,2026-08-21
https://getmindy.ai/contractors/pentad-corp,2026-08-21
https://getmindy.ai/contractors/hernandez-consulting-inc/naics,2026-08-21
https://getmindy.ai/contractors/asp-amc-intermediate-holdings-inc,2026-08-21
https://getmindy.ai/contractors/unique-cleaning-service-inc/agencies,2026-08-21
https://getmindy.ai/contractors/wolters-kluwer-financial-services-inc/agencies,2026-08-21
https://getmindy.ai/contractors/strategix-management-llc/agencies,2026-08-21
https://getmindy.ai/opportunity/z-gosp-315426-rehabilitate-asphalt-pavement-parking-4d8a9c52,2026-08-21
https://getmindy.ai/contractors/carolina-growler-inc/naics,2026-08-21
https://getmindy.ai/contractors/augusta-richmond-county-government/naics,2026-08-21
https://getmindy.ai/psc/w035,2026-08-21
https://getmindy.ai/contractors/wake-forest-university/agencies,2026-08-21
https://getmindy.ai/contractors/southwind-construction-services-llc/naics,2026-08-21
https://getmindy.ai/contractors/barbaricum-llc/agencies,2026-08-21
https://getmindy.ai/contractors/fedwriters-inc/naics,2026-08-21
https://getmindy.ai/psc/q519,2026-08-21
https://getmindy.ai/opportunity/cardboard-co-mingled-paper-solid-waste-removal-eo-lyons-b9d97e14,2026-08-21
https://getmindy.ai/contractors/allied-universal-topco-llc/agencies,2026-08-21
https://getmindy.ai/contractors/higherechelon-inc,2026-08-21
https://getmindy.ai/contractors/miscellaneous-foreign-awardees/naics,2026-08-21
https://getmindy.ai/contractors/chenega-agile-real-time-solutions-llc/agencies,2026-08-21
https://getmindy.ai/contractors/southern-utah-university-foundation/naics,2026-08-21
https://getmindy.ai/contractors/deb-el-food-products-llc,2026-08-21
https://getmindy.ai/contractors/asrc-federal-data-network-technologies-llc,2026-08-21
https://getmindy.ai/contractors/tope-technology-llc,2026-08-21
https://getmindy.ai/contractors/fiag-flexible-industrie-automation-gmbh,2026-08-21
https://getmindy.ai/contractors/cedar-international-services-llc,2026-08-21
https://getmindy.ai/contractors/tsay-corporation,2026-08-21
https://getmindy.ai/contractors/ben-holtz-consulting-inc,2026-08-21
https://getmindy.ai/contractors/the-remi-group-llc,2026-08-21
https://getmindy.ai/contractors/earle-kinlaw-and-associates-inc/agencies,2026-08-21
https://getmindy.ai/contractors/sparton-corporation/naics,2026-08-21
https://getmindy.ai/contractors/kcorp-support-services-inc/agencies,2026-08-21
https://getmindy.ai/contractors/king-and-george-llc/agencies,2026-08-21
https://getmindy.ai/contractors/ihs-inc/agencies,2026-08-21
https://getmindy.ai/psc/3835,2026-08-21
https://getmindy.ai/contractors/southern-methodist-university/agencies,2026-08-21
https://getmindy.ai/contractors/foreign-utility-consolidated-reporting/agencies,2026-08-21
https://getmindy.ai/contractors/iron-mountain-information-management-llc/agencies,2026-08-21
https://getmindy.ai/contractors/metrica-inc/naics,2026-08-21
https://getmindy.ai/contractors/glc-on-the-go-inc/naics,2026-08-21
https://getmindy.ai/naics/325414/pa,2026-08-21
https://getmindy.ai/opportunity/receiver-transmitte-77f4193e,2026-08-21
https://getmindy.ai/psc/j017,2026-08-21
https://getmindy.ai/opportunity/z2da-621-22-121-renovate-bldg-204-for-cath-lab-ii-engineering-292a94ca,2026-08-21
https://getmindy.ai/contractors/rhino-health-inc,2026-08-21
https://getmindy.ai/contractors/coforma-llc/agencies,2026-08-21
https://getmindy.ai/contractors/ecu-communications-llc/agencies,2026-08-21
https://getmindy.ai/contractors/svd-stars-ii-llc/agencies,2026-08-21
https://getmindy.ai/contractors/edison-international,2026-08-21
https://getmindy.ai/opportunity/static-display-aerospace-vehicles-cleaning-painting-and-maintenance-d725251e,2026-08-21
https://getmindy.ai/contractors/six3-advanced-systems-inc/naics,2026-08-21
https://getmindy.ai/contractors/chickasaw-aerospace-llc/naics,2026-08-21
https://getmindy.ai/contractors/veterans-ez-info-inc/agencies,2026-08-21
https://getmindy.ai/contractors/north-carolina-dept-of/agencies,2026-08-21
https://getmindy.ai/contractors/complete-packaging-and-shipping-supplies-inc/agencies,2026-08-21
https://getmindy.ai/contractors/renk-systems-corp,2026-08-21
https://getmindy.ai/contractors/secure-federal-operations-llc/naics,2026-08-21
https://getmindy.ai/contractors/ahntech-inc/naics,2026-08-21
https://getmindy.ai/contractors/colorado-state-of/agencies,2026-08-21
https://getmindy.ai/contractors/prosource-consulting-llc/naics,2026-08-21
https://getmindy.ai/contractors/franklin-covey-client-sales-inc/agencies,2026-08-21
https://getmindy.ai/contractors/federal-miracle-tech-llc/agencies,2026-08-21
https://getmindy.ai/contractors/interior-systems-inc/agencies,2026-08-21
https://getmindy.ai/contractors/legal-interpreting-services-inc/agencies,2026-08-21
https://getmindy.ai/contractors/toyota-industries-corporation,2026-08-21
https://getmindy.ai/contractors/florida-beef-inc,2026-08-21
https://getmindy.ai/opportunity/amendment-4-dover-afb-corrosion-control-services-f3aa3235,2026-08-21
https://getmindy.ai/contractors/montrose-environmental-group-inc/naics,2026-08-21
https://getmindy.ai/contractors/hamhed-llc/agencies,2026-08-21
https://getmindy.ai/opportunity/59-switch-sensitive-df68173f,2026-08-21
https://getmindy.ai/contractors/southeast-cherokee-construction-inc,2026-08-21
https://getmindy.ai/contractors/d1-holdings-llc/agencies,2026-08-21
https://getmindy.ai/contractors/potomacwave-inc/agencies,2026-08-21
https://getmindy.ai/contractors/martin-brothers-construction/naics,2026-08-21
https://getmindy.ai/contractors/olgoonik-general-llc/naics,2026-08-21
https://getmindy.ai/contractors/fuse-integration-inc/naics,2026-08-21
https://getmindy.ai/opportunity/1230-copy-of-project-561a4-26-507-replace-fire-alarm-controls-annunciator-9b9934f8,2026-08-21
https://getmindy.ai/opportunity/z1da-correct-martinez-and-mare-island-generator-fuel-lines-ee33e906,2026-08-21
https://getmindy.ai/contractors/global-logistics-strategies-inc/naics,2026-08-21
https://getmindy.ai/contractors/continuus-pharmaceuticals-inc,2026-08-21
https://getmindy.ai/contractors/miller-electric-company/agencies,2026-08-21
https://getmindy.ai/naics/541990,2026-08-21
https://getmindy.ai/contractors/west-4th-strategy-llc/agencies,2026-08-21
https://getmindy.ai/contractors/signature-performance-inc,2026-08-21
https://getmindy.ai/contractors/red-carrot-inc/agencies,2026-08-21
https://getmindy.ai/opportunity/uscgc-waesche-fuel-oil-pump-fop-motor-e6fa2ae2,2026-08-21
https://getmindy.ai/contractors/lubwell-corporation,2026-08-21
https://getmindy.ai/naics/334290/pa,2026-08-21
https://getmindy.ai/contractors/technology-blue-inc/agencies,2026-08-21
https://getmindy.ai/opportunity/generator-and-ats-preventative-maintenance-83698493,2026-08-21
https://getmindy.ai/contractors/kohler-co/naics,2026-08-21
https://getmindy.ai/contractors/ip-plus-consulting-inc/agencies,2026-08-21
https://getmindy.ai/contractors/the-arcanum-group-inc/naics,2026-08-21
https://getmindy.ai/contractors/kcorp-reliance-company-inc/agencies,2026-08-21
https://getmindy.ai/contractors/the-mchenry-management-group-llc/naics,2026-08-21
https://getmindy.ai/contractors/alcon-laboratories-inc,2026-08-21
https://getmindy.ai/contractors/conrad-industries-inc/agencies,2026-08-21
https://getmindy.ai/contractors/truven-health-analytics-inc/naics,2026-08-21
https://getmindy.ai/contractors/poonglim-construction-co-ltd/naics,2026-08-21
https://getmindy.ai/contractors/afognak-native-corp/naics,2026-08-21
https://getmindy.ai/contractors/brooks-range-contract-services-inc/naics,2026-08-21
https://getmindy.ai/contractors/apogee-saic-capabilities-integrator-llc/agencies,2026-08-21
https://getmindy.ai/contractors/aktarius-llc,2026-08-21
https://getmindy.ai/contractors/vastec-inc/naics,2026-08-21
https://getmindy.ai/contractors/tarkik-solutions-incorporated,2026-08-21
https://getmindy.ai/opportunity/48-valve-regulating-fl-feab52b3,2026-08-21
https://getmindy.ai/set-aside/sb/212321,2026-08-21
https://getmindy.ai/contractors/jeskell-systems-llc,2026-08-21
https://getmindy.ai/contractors/cox-subscriptions-inc/naics,2026-08-21
https://getmindy.ai/contractors/mastodon-design-llc/naics,2026-08-21
https://getmindy.ai/contractors/ferrovial-sa,2026-08-21
https://getmindy.ai/contractors/modutech-marine-inc,2026-08-21
https://getmindy.ai/contractors/aitheras-llc/naics,2026-08-21
https://getmindy.ai/contractors/programs-management-analytics-and-technologies-inc,2026-08-21
https://getmindy.ai/contractors/oculus-group-llc/agencies,2026-08-21
https://getmindy.ai/contractors/associates-of-american-rr/naics,2026-08-21
https://getmindy.ai/opportunity/28-fuel-pump-support-ae0df77d,2026-08-21
https://getmindy.ai/contractors/reveal-global-consulting-llc/agencies,2026-08-21
https://getmindy.ai/opportunity/indefinite-delivery-indefinite-quantity-idiq-a-e-contract-for-surveying-mapping-03574b16,2026-08-21
https://getmindy.ai/contractors/immersion-consulting-llc/naics,2026-08-21
https://getmindy.ai/contractors/forum-one-communications-corp/naics,2026-08-21
https://getmindy.ai/contractors/strategy-and-management-services-inc/agencies,2026-08-21
https://getmindy.ai/contractors/nextech-solutions-llc/agencies,2026-08-21
https://getmindy.ai/contractors/bluepath-labs-llc/agencies,2026-08-21
https://getmindy.ai/contractors/shorepoint-llc,2026-08-21
https://getmindy.ai/contractors/northrop-grumman-international-trading-inc,2026-08-21
https://getmindy.ai/contractors/secure-communication-systems-inc,2026-08-21
https://getmindy.ai/opportunity/marine-corps-university-college-of-distance-education-and-training-academic-supp-98c87446,2026-08-21
https://getmindy.ai/contractors/bollinger-mississippi-repair-llc,2026-08-21
https://getmindy.ai/contractors/gana-a-yoo-limited/naics,2026-08-21
https://getmindy.ai/contractors/maui-acquisition-corp/naics,2026-08-21
https://getmindy.ai/contractors/riva-solutions-inc/naics,2026-08-21
https://getmindy.ai/contractors/software-ag-government-solutions-inc/naics,2026-08-21
https://getmindy.ai/contractors/vmd-systems-integrators-llc/naics,2026-08-21
https://getmindy.ai/contractors/aimcon-design-build-llc,2026-08-21
https://getmindy.ai/contractors/evi-industries-inc/naics,2026-08-21
https://getmindy.ai/contractors/thoma-bravo-l-p/naics,2026-08-21
https://getmindy.ai/contractors/bmc-software-inc,2026-08-21
https://getmindy.ai/naics/238220/oh,2026-08-21
https://getmindy.ai/psc/s207,2026-08-21
https://getmindy.ai/contractors/contrack-international-inc,2026-08-21
https://getmindy.ai/contractors/turner-and-townsend-heery-llc/agencies,2026-08-21
https://getmindy.ai/contractors/birdi-systems-inc/agencies,2026-08-21
https://getmindy.ai/contractors/kitco-llc/naics,2026-08-21
https://getmindy.ai/contractors/new-editions-inc/naics,2026-08-21
https://getmindy.ai/contractors/beacon-point-associates-llc/agencies,2026-08-21
https://getmindy.ai/contractors/johnson-controls-government-systems-llc/naics,2026-08-21
https://getmindy.ai/opportunity/29-filter-element-flui-1f3e421c,2026-08-21
https://getmindy.ai/contractors/webuild-s-p-a,2026-08-21
https://getmindy.ai/contractors/futron-inc/agencies,2026-08-21
https://getmindy.ai/contractors/performance-assessment-network-inc/agencies,2026-08-21
https://getmindy.ai/contractors/qinetiq-us-holdings-inc/agencies,2026-08-21
https://getmindy.ai/contractors/t47-international-inc/agencies,2026-08-21
https://getmindy.ai/contractors/knoll-inc/agencies,2026-08-21
https://getmindy.ai/contractors/con-way-inc,2026-08-21
https://getmindy.ai/contractors/cardinal-point-captains-inc/naics,2026-08-21
https://getmindy.ai/opportunity/building-668-asphalt-shingle-roof-replacement-devens-ma-caca09ab,2026-08-21
https://getmindy.ai/contractors/pavcon-llc,2026-08-21
https://getmindy.ai/contractors/alliant-sb-cta-llc/agencies,2026-08-21
https://getmindy.ai/contractors/torres-avarn-security-llc,2026-08-21
https://getmindy.ai/contractors/concentric-group-llc/naics,2026-08-21
https://getmindy.ai/contractors/cornet-technology-inc,2026-08-21
https://getmindy.ai/contractors/altegrity-inc/agencies,2026-08-21
https://getmindy.ai/contractors/state-of-new-york/naics,2026-08-21
https://getmindy.ai/contractors/rape-abuse-and-incest-national-network-rainn/agencies,2026-08-21
https://getmindy.ai/opportunity/43-parts-kit-air-filte-3ed85fe7,2026-08-21
https://getmindy.ai/contractors/after-action-medical-and-dental-supply-llc/agencies,2026-08-21
https://getmindy.ai/contractors/techanax-llc/agencies,2026-08-21
https://getmindy.ai/contractors/tatitlek-construction-services-inc,2026-08-21
https://getmindy.ai/contractors/facilities-development-corporation/agencies,2026-08-21
https://getmindy.ai/contractors/reece-group-limited/naics,2026-08-21
https://getmindy.ai/contractors/rb-management-consultants-llc/agencies,2026-08-21
https://getmindy.ai/contractors/kratos-s1-inc/naics,2026-08-21
https://getmindy.ai/contractors/stanley-black-and-decker-inc/naics,2026-08-21
https://getmindy.ai/contractors/dark-wolf-solutions-llc/naics,2026-08-21
https://getmindy.ai/contractors/otis-worldwide-corporation/agencies,2026-08-21
https://getmindy.ai/naics/325413/or,2026-08-21
https://getmindy.ai/contractors/colonial-group-inc/naics,2026-08-21
https://getmindy.ai/contractors/jet-support-services-inc/naics,2026-08-21
https://getmindy.ai/contractors/vodafone-global-enterprise-ltd/naics,2026-08-21
https://getmindy.ai/contractors/leo-a-daly-nbbj-jv,2026-08-21
https://getmindy.ai/contractors/howden-north-america-inc/naics,2026-08-21
https://getmindy.ai/contractors/r-and-w-construction-company,2026-08-21
https://getmindy.ai/contractors/triple-a-building-services-inc/agencies,2026-08-21
https://getmindy.ai/contractors/paleowest-llc/agencies,2026-08-21
https://getmindy.ai/naics/561612/tx,2026-08-21
https://getmindy.ai/contractors/rigil-corporation/agencies,2026-08-21
https://getmindy.ai/contractors/eastern-carolina-vocational-center-inc/naics,2026-08-21
https://getmindy.ai/contractors/cormac-corporation/naics,2026-08-21
https://getmindy.ai/contractors/knowesis-inc/agencies,2026-08-21
https://getmindy.ai/contractors/talen-energy-corporation/agencies,2026-08-21
https://getmindy.ai/contractors/evoqua-water-technologies-llc/agencies,2026-08-21
https://getmindy.ai/contractors/micro-systems-consultants-inc/naics,2026-08-21
https://getmindy.ai/contractors/togiak-management-services-llc/naics,2026-08-21
https://getmindy.ai/contractors/scientific-applications-and-research-associates-inc/naics,2026-08-21
https://getmindy.ai/contractors/cma-technology-inc/naics,2026-08-21
https://getmindy.ai/contractors/exitcertified-corp,2026-08-21
https://getmindy.ai/contractors/messer-llc/agencies,2026-08-21
https://getmindy.ai/contractors/doma-technologies-llc/agencies,2026-08-21
https://getmindy.ai/contractors/rack-wildner-and-reese-inc/agencies,2026-08-21
https://getmindy.ai/contractors/mta-inc/naics,2026-08-21
https://getmindy.ai/contractors/cole-engineering-services-inc/naics,2026-08-21
https://getmindy.ai/contractors/kit-pack-co-inc/naics,2026-08-21
https://getmindy.ai/contractors/edison-international/naics,2026-08-21
https://getmindy.ai/opportunity/53-o-ring-4336bf89,2026-08-21
https://getmindy.ai/contractors/carl-bennet-ab/agencies,2026-08-21
https://getmindy.ai/contractors/inalab-consulting-inc/naics,2026-08-21
https://getmindy.ai/contractors/construction-development-services-inc/naics,2026-08-21
https://getmindy.ai/contractors/source-one-spares-llc/naics,2026-08-21
https://getmindy.ai/psc/w041,2026-08-21
https://getmindy.ai/contractors/puyenpa-technologies-llc/naics,2026-08-21
https://getmindy.ai/contractors/crowley-alaska-inc/agencies,2026-08-21
https://getmindy.ai/psc/5180,2026-08-21
https://getmindy.ai/contractors/hsg-park-joint-venture-2-llc,2026-08-21
https://getmindy.ai/contractors/jamal-al-aalem-co/naics,2026-08-21
https://getmindy.ai/contractors/metal-craft-marine-incorporated/agencies,2026-08-21
https://getmindy.ai/contractors/toshiba-corporation/agencies,2026-08-21
https://getmindy.ai/contractors/fortis-inc/naics,2026-08-21
https://getmindy.ai/contractors/accelgov-llc/agencies,2026-08-21
https://getmindy.ai/contractors/keres-consulting-inc/agencies,2026-08-21
https://getmindy.ai/contractors/alutiiq-advanced-security-solutions-llc/naics,2026-08-21
https://getmindy.ai/contractors/communication-institute-international-inc/naics,2026-08-21
https://getmindy.ai/naics/236220/fl,2026-08-21
https://getmindy.ai/contractors/ndi-engineering-company,2026-08-21
https://getmindy.ai/contractors/fiore-industries-inc/naics,2026-08-21
https://getmindy.ai/contractors/acierto-llc/naics,2026-08-21
https://getmindy.ai/contractors/mig-gov-llc/naics,2026-08-21
https://getmindy.ai/contractors/propper-international-inc,2026-08-21
https://getmindy.ai/contractors/sbd-alliant-llc/agencies,2026-08-21
https://getmindy.ai/contractors/vae-inc/naics,2026-08-21
https://getmindy.ai/contractors/tsay-ferguson-williams-llc,2026-08-21
https://getmindy.ai/contractors/bowen-consulting-group-inc-the/naics,2026-08-21
https://getmindy.ai/contractors/aecom-global-ii-llc/agencies,2026-08-21
https://getmindy.ai/opportunity/tps-installation-idiq-presolictation-notice-c7ca8d36,2026-08-21
https://getmindy.ai/contractors/frontier-technologies-inc,2026-08-21
https://getmindy.ai/contractors/interim-homes-inc/agencies,2026-08-21
https://getmindy.ai/contractors/good-men-roofing-and-construction-inc/naics,2026-08-21
https://getmindy.ai/contractors/sirius-computer-solutions-llc/naics,2026-08-21
https://getmindy.ai/contractors/cargotec-oyj/agencies,2026-08-21
https://getmindy.ai/contractors/milpower-inc,2026-08-21
https://getmindy.ai/contractors/strategy-consulting-team-llc,2026-08-21
https://getmindy.ai/contractors/cadence-group-associates-inc/naics,2026-08-21
https://getmindy.ai/naics/221118/fl,2026-08-21
https://getmindy.ai/contractors/optuminsight-inc/agencies,2026-08-21
https://getmindy.ai/contractors/applied-intellect-llc/agencies,2026-08-21
https://getmindy.ai/contractors/advanced-language-systems-international-inc,2026-08-21
https://getmindy.ai/contractors/global-enterprise-systems-llc,2026-08-21
https://getmindy.ai/contractors/anderson-engineering-of-minnesota-llc/naics,2026-08-21
https://getmindy.ai/contractors/native-resource-development-co-inc/agencies,2026-08-21
https://getmindy.ai/contractors/rome-research-llc/naics,2026-08-21
https://getmindy.ai/contractors/aleut-o-and-m-services-llc/naics,2026-08-21
https://getmindy.ai/contractors/banneker-ventures-llc/agencies,2026-08-21
https://getmindy.ai/set-aside/sb/541715,2026-08-21
https://getmindy.ai/contractors/kingfisher-systems-inc/naics,2026-08-21
https://getmindy.ai/contractors/guardian-defense-group-inc/naics,2026-08-21
https://getmindy.ai/contractors/next-tier-concepts-inc,2026-08-21
https://getmindy.ai/contractors/rct-holdings-inc/naics,2026-08-21
https://getmindy.ai/set-aside/sb/339920,2026-08-21
https://getmindy.ai/contractors/r3-government-solutions-llc/agencies,2026-08-21
https://getmindy.ai/contractors/ses-electrical-llc/agencies,2026-08-21
https://getmindy.ai/contractors/tacmed-simulation-inc,2026-08-21
https://getmindy.ai/contractors/total-sa/agencies,2026-08-21
https://getmindy.ai/contractors/the-coleman-group-inc,2026-08-21
https://getmindy.ai/contractors/galvion-inc/naics,2026-08-21
https://getmindy.ai/contractors/technology-trends-group-llc/naics,2026-08-21
https://getmindy.ai/contractors/wyandotte-services/naics,2026-08-21
https://getmindy.ai/contractors/talton-marine-terminal-llc,2026-08-21
https://getmindy.ai/contractors/lindahl-reed-inc/agencies,2026-08-21
https://getmindy.ai/contractors/pyramid-systems-inc/naics,2026-08-21
https://getmindy.ai/contractors/employment-source-inc/naics,2026-08-21
https://getmindy.ai/contractors/michigan-wheel-operations-llc,2026-08-21
https://getmindy.ai/contractors/western-construction-and-equipment-llc,2026-08-21
https://getmindy.ai/contractors/athena-construction-group-inc,2026-08-21
https://getmindy.ai/naics/811490/nv,2026-08-21
https://getmindy.ai/contractors/price-modern-llc/agencies,2026-08-21
https://getmindy.ai/contractors/computrition-inc/naics,2026-08-21
https://getmindy.ai/contractors/clear-align-llc/naics,2026-08-21
https://getmindy.ai/contractors/sanitz-enterprises-inc/naics,2026-08-21
https://getmindy.ai/opportunity/cgc-maple-red-gear-tech-assist-3b47a37e,2026-08-21
https://getmindy.ai/contractors/astrix-technology-llc/naics,2026-08-21
https://getmindy.ai/contractors/mobomo-llc/naics,2026-08-21
https://getmindy.ai/opportunity/furniture-fd757442,2026-08-21
https://getmindy.ai/contractors/ecology-and-environment-inc/naics,2026-08-21
https://getmindy.ai/contractors/kilda-group-llc/naics,2026-08-21
https://getmindy.ai/contractors/ampco-pittsburgh-corporation/naics,2026-08-21
https://getmindy.ai/contractors/mckenzie-construction-and-site-development-llc/naics,2026-08-21
https://getmindy.ai/contractors/schatz-publishing-group-llc/naics,2026-08-21
https://getmindy.ai/contractors/quantronix-inc/naics,2026-08-21
https://getmindy.ai/contractors/james-fisher,2026-08-21
https://getmindy.ai/contractors/pohlad-companies,2026-08-21
https://getmindy.ai/set-aside/sb/221122,2026-08-21
https://getmindy.ai/contractors/first-nation-group-llc/naics,2026-08-21
https://getmindy.ai/contractors/bravura-information-technology-systems-inc/naics,2026-08-21
https://getmindy.ai/contractors/cgi-technologies-and-solutions-inc/agencies,2026-08-21
https://getmindy.ai/contractors/dynasil-corporation-of-america,2026-08-21
https://getmindy.ai/contractors/delmock-technologies-inc/agencies,2026-08-21
https://getmindy.ai/contractors/envistacom-l-l-c,2026-08-21
https://getmindy.ai/contractors/faith-enterprises-incorporated/agencies,2026-08-21
https://getmindy.ai/contractors/the-tauri-group-inc,2026-08-21
https://getmindy.ai/contractors/oakman-aerospace-llc,2026-08-21
https://getmindy.ai/contractors/devtech-systems-inc/naics,2026-08-21
https://getmindy.ai/contractors/preventive-maintenance-services-company/naics,2026-08-21
https://getmindy.ai/contractors/airgas-inc/agencies,2026-08-21
https://getmindy.ai/contractors/centerra-integrated-facilities-services-llc/agencies,2026-08-21
https://getmindy.ai/contractors/techtrend-inc/naics,2026-08-21
https://getmindy.ai/contractors/advanced-technologies-and-laboratories-atl-international-inc/naics,2026-08-21
https://getmindy.ai/contractors/analytic-strategies-llc/naics,2026-08-21
https://getmindy.ai/set-aside/sb/325180,2026-08-21
https://getmindy.ai/contractors/gulf-south-research-corp/agencies,2026-08-21
https://getmindy.ai/contractors/ideal-innovations-incorporated/agencies,2026-08-21
https://getmindy.ai/contractors/madison-dearborn-partners-llc,2026-08-21
https://getmindy.ai/contractors/philips-electronics-north-america-corp/naics,2026-08-21
https://getmindy.ai/contractors/directviz-solutions-llc/agencies,2026-08-21
https://getmindy.ai/contractors/luminator-technology-group-llc/agencies,2026-08-21
https://getmindy.ai/contractors/compx-security-products-inc/naics,2026-08-21
https://getmindy.ai/contractors/r-b-pamplin-corp/naics,2026-08-21
https://getmindy.ai/contractors/develogic-gmbh/naics,2026-08-21
https://getmindy.ai/contractors/tuvli-llc/naics,2026-08-21
https://getmindy.ai/contractors/global-technical-services-llc/agencies,2026-08-21
https://getmindy.ai/contractors/kovilic-construction-co-inc/agencies,2026-08-21
https://getmindy.ai/contractors/choctaw-defense-services-inc,2026-08-21
https://getmindy.ai/contractors/platinum-equity-llc/naics,2026-08-21
https://getmindy.ai/contractors/crowley-maritime-corporation/agencies,2026-08-21
https://getmindy.ai/contractors/planate-management-group-llc/agencies,2026-08-21
https://getmindy.ai/contractors/knoll-inc/naics,2026-08-21
https://getmindy.ai/opportunity/request-for-information-course-creation-enterprise-platform-solution-2a6e020c,2026-08-21
https://getmindy.ai/contractors/cayuse-native-hawaiian-veterans-llc/naics,2026-08-21
https://getmindy.ai/contractors/cook-inlet-region-inc/agencies,2026-08-21
https://getmindy.ai/contractors/schlumberger-n-v/naics,2026-08-21
https://getmindy.ai/contractors/idera-inc/agencies,2026-08-21
https://getmindy.ai/naics/325413/ct,2026-08-21
https://getmindy.ai/contractors/wake-forest-university/naics,2026-08-21
https://getmindy.ai/contractors/meneses-and-mcfadden-cartor-vitor-hugo-carvalho-lda/naics,2026-08-21
https://getmindy.ai/contractors/williams-construction-and-cabinetry-inc/naics,2026-08-21
https://getmindy.ai/contractors/network-specialty-group-inc,2026-08-21
https://getmindy.ai/psc/36,2026-08-21
https://getmindy.ai/contractors/bowhead-business-and-technology-solutions-llc/naics,2026-08-21
https://getmindy.ai/contractors/the-university-of-alabama-system,2026-08-21
https://getmindy.ai/contractors/deval-life-cycle-support-llc/naics,2026-08-21
https://getmindy.ai/contractors/tdx-quality-llc,2026-08-21
https://getmindy.ai/contractors/bureau-veritas-technical-assessments-llc,2026-08-21
https://getmindy.ai/opportunity/61-battery-storage-aa6e20d9,2026-08-21
https://getmindy.ai/contractors/seneca-holdings-llc/naics,2026-08-21
https://getmindy.ai/contractors/dawson-federal-inc/agencies,2026-08-21
https://getmindy.ai/naics/712110/oh,2026-08-21
https://getmindy.ai/contractors/the-russell-group-united-llc/naics,2026-08-21
https://getmindy.ai/contractors/chenega-professional-and-technical-services-llc/agencies,2026-08-21
https://getmindy.ai/opportunity/northstar-executive-aircraft-communication-network-61eded09,2026-08-21
https://getmindy.ai/contractors/cubic-corporation/agencies,2026-08-21
https://getmindy.ai/contractors/tecmotiv-corporation,2026-08-21
https://getmindy.ai/contractors/morgan-business-consulting-llc/agencies,2026-08-21
https://getmindy.ai/contractors/ethic-tech-llc/naics,2026-08-21
https://getmindy.ai/contractors/feith-systems-and-software-inc/agencies,2026-08-21
https://getmindy.ai/opportunity/elevator-maintenance-and-inspection-bpa-for-louisville-district-locks-and-dams-8f7e9a20,2026-08-21
https://getmindy.ai/contractors/tidewater-distributors-llc/naics,2026-08-21
https://getmindy.ai/opportunity/53-nut-self-locking-ex-f0df49f4,2026-08-21
https://getmindy.ai/contractors/elcon-enterprises-inc/agencies,2026-08-21
https://getmindy.ai/opportunity/z-rehab-power-and-cooling-systems-pinnalces-np-2df44b1d,2026-08-21
https://getmindy.ai/contractors/gryphon-marine-llc,2026-08-21
https://getmindy.ai/contractors/eurazeo,2026-08-21
https://getmindy.ai/contractors/toyon-research-corporation/agencies,2026-08-21
https://getmindy.ai/contractors/nordstrom-contracting-and-consulting-corp/naics,2026-08-21
https://getmindy.ai/naics/238320/or,2026-08-21
https://getmindy.ai/contractors/marshall-of-cambridge-aerospace-limited/naics,2026-08-21
https://getmindy.ai/set-aside/sb/326150,2026-08-21
https://getmindy.ai/contractors/enterprise-technical-assistance-services-inc,2026-08-21
https://getmindy.ai/contractors/brothers-produce-of-dallas-inc/naics,2026-08-21
https://getmindy.ai/contractors/north-stone-llc/agencies,2026-08-21
https://getmindy.ai/contractors/hd-hyundai-oilbank-co-ltd,2026-08-21
https://getmindy.ai/contractors/highlight-technologies-inc/naics,2026-08-21
https://getmindy.ai/contractors/focused-management-inc/naics,2026-08-21
https://getmindy.ai/contractors/avaya-holdings-corp/agencies,2026-08-21
https://getmindy.ai/contractors/palomar-display-products-inc/naics,2026-08-21
https://getmindy.ai/contractors/crisis1-llc/naics,2026-08-21
https://getmindy.ai/contractors/tecmotiv-usa-inc/naics,2026-08-21
https://getmindy.ai/contractors/program-management-and-technology-services-inc/agencies,2026-08-21
https://getmindy.ai/contractors/south-dade-air-conditioning-and-refrigeration-inc/naics,2026-08-21
https://getmindy.ai/contractors/jimenez-engineering-solutions-llc/agencies,2026-08-21
https://getmindy.ai/contractors/illinois-tool-works-inc/agencies,2026-08-21
https://getmindy.ai/contractors/arrows-edge-llc,2026-08-21
https://getmindy.ai/contractors/fca-international-operations-llc/naics,2026-08-21
https://getmindy.ai/contractors/phoenix-logistics-llc,2026-08-21
https://getmindy.ai/contractors/phase-one-consulting-group-llc/naics,2026-08-21
https://getmindy.ai/contractors/commonwealth-trading-partners-inc/naics,2026-08-21
https://getmindy.ai/contractors/mark-g-anderson-consultants-inc/naics,2026-08-21
https://getmindy.ai/contractors/auxilio-management-services/naics,2026-08-21
https://getmindy.ai/contractors/feddata-technology-solutions-llc/agencies,2026-08-21
https://getmindy.ai/naics/811310/va,2026-08-21
https://getmindy.ai/opportunity/chicken-egg-select-seafood-price-data-340fa277,2026-08-21
https://getmindy.ai/contractors/oneida-nation,2026-08-21
https://getmindy.ai/psc/15,2026-08-21
https://getmindy.ai/contractors/sweat-llc,2026-08-21
https://getmindy.ai/contractors/the-vps-companies-inc/naics,2026-08-21
https://getmindy.ai/psc/5905,2026-08-21
https://getmindy.ai/set-aside/isbee/238990,2026-08-21
https://getmindy.ai/contractors/new-mountain-finance-sbic-lp/agencies,2026-08-21
https://getmindy.ai/contractors/mallory-safety-and-supply-llc/agencies,2026-08-21
https://getmindy.ai/opportunity/81-shipping-and-storag-642f306d,2026-08-21
https://getmindy.ai/contractors/otis-worldwide-corporation/naics,2026-08-21
https://getmindy.ai/contractors/communicatehealth-inc/agencies,2026-08-21
https://getmindy.ai/contractors/ibox-global-llc,2026-08-21
https://getmindy.ai/contractors/x-corp-solutions-inc/naics,2026-08-21
https://getmindy.ai/opportunity/ee-26008-6j-traffic-study-for-multiple-intersections-0fba0f2a,2026-08-21
https://getmindy.ai/contractors/allegheny-science-and-technology-corporation/agencies,2026-08-21
https://getmindy.ai/contractors/sumitomo-mitsui-auto-service-company-limited,2026-08-21
https://getmindy.ai/contractors/state-of-minnesota,2026-08-21
https://getmindy.ai/contractors/mechatronics-inc/naics,2026-08-21
https://getmindy.ai/opportunity/rfq-19np4026q0022-pmsc-new-wtp-chlorine-and-clo2-component-17a89074,2026-08-21
https://getmindy.ai/contractors/fci-federal-llc/naics,2026-08-21
https://getmindy.ai/opportunity/notice-of-intent-to-award-sole-source-contract-b8424862,2026-08-21
https://getmindy.ai/contractors/aramark-services-inc/agencies,2026-08-21
https://getmindy.ai/contractors/ruag-international-holding-ag,2026-08-21
https://getmindy.ai/contractors/monster-government-solutions-llc/naics,2026-08-21
https://getmindy.ai/contractors/mainstream-ip-solutions-inc/agencies,2026-08-21
https://getmindy.ai/contractors/ras-enterprises-llc/agencies,2026-08-21
https://getmindy.ai/contractors/koam-engineering-systems-inc/naics,2026-08-21
https://getmindy.ai/contractors/vistra-communications-llc/naics,2026-08-21
https://getmindy.ai/contractors/daniels-manufacturing-corporation/naics,2026-08-21
https://getmindy.ai/contractors/aktivax-inc,2026-08-21
https://getmindy.ai/contractors/modus-operandi-inc,2026-08-21
https://getmindy.ai/contractors/oxford-instruments-plc/naics,2026-08-21
https://getmindy.ai/contractors/laser-shot-inc/naics,2026-08-21
https://getmindy.ai/contractors/epsilon-inc/agencies,2026-08-21
https://getmindy.ai/contractors/omaha-public-power-district,2026-08-21
https://getmindy.ai/contractors/professional-solutions-delivered-llc/naics,2026-08-21
https://getmindy.ai/naics/541715/va,2026-08-21
https://getmindy.ai/contractors/city-of-new-york-fire-department/naics,2026-08-21
https://getmindy.ai/contractors/texas-a-and-m-university/agencies,2026-08-21
https://getmindy.ai/contractors/mpb-corp/naics,2026-08-21
https://getmindy.ai/contractors/ciox-health-llc,2026-08-21
https://getmindy.ai/contractors/strategic-resolution-experts-inc/naics,2026-08-21
https://getmindy.ai/contractors/ameritech-contracting-llc/naics,2026-08-21
https://getmindy.ai/opportunity/29-parts-kit-fuel-inje-8c8d6513,2026-08-21
https://getmindy.ai/contractors/the-coleman-group-inc/naics,2026-08-21
https://getmindy.ai/contractors/stg-pacific-llc/naics,2026-08-21
https://getmindy.ai/contractors/university-of-chicago/naics,2026-08-21
https://getmindy.ai/contractors/mayflower-communications-company-inc,2026-08-21
https://getmindy.ai/contractors/front-line-ems-llc,2026-08-21
https://getmindy.ai/contractors/chase-supply-inc/naics,2026-08-21
https://getmindy.ai/contractors/thomson-company-inc-the/naics,2026-08-21
https://getmindy.ai/opportunity/usbr-patillas-dam-seismic-retrofit-design-update-and-industry-outreach-e1fae7c6,2026-08-21
https://getmindy.ai/contractors/ihs-inc/naics,2026-08-21
https://getmindy.ai/contractors/the-university-of-central-florida-board-of-trustees/agencies,2026-08-21
https://getmindy.ai/contractors/lynden-inc/agencies,2026-08-21
https://getmindy.ai/contractors/laredo-technical-services-inc/agencies,2026-08-21
https://getmindy.ai/contractors/dme-services-llc/naics,2026-08-21
https://getmindy.ai/contractors/arrowhead-contracting-llc/naics,2026-08-21
https://getmindy.ai/contractors/heritage-health-solutions-inc/naics,2026-08-21
https://getmindy.ai/contractors/werfen-usa-llc/agencies,2026-08-21
https://getmindy.ai/contractors/atk-launch-systems-llc/naics,2026-08-21
https://getmindy.ai/contractors/e-f-kearney-limited/naics,2026-08-21
https://getmindy.ai/contractors/computer-evidence-specialists-llc/naics,2026-08-21
https://getmindy.ai/contractors/titania-solutions-group-inc,2026-08-21
https://getmindy.ai/contractors/dante-valve-company,2026-08-21
https://getmindy.ai/contractors/ryuseki-corporation,2026-08-21
https://getmindy.ai/contractors/goodwill-industries-inc,2026-08-21
https://getmindy.ai/contractors/northland-cable-properties-inc/agencies,2026-08-21
https://getmindy.ai/contractors/dome-chartering-and-trading-corp/naics,2026-08-21
https://getmindy.ai/contractors/inficon-inc/naics,2026-08-21
https://getmindy.ai/contractors/i-solutions-direct-inc/naics,2026-08-21
https://getmindy.ai/contractors/tuba-group-inc/agencies,2026-08-21
https://getmindy.ai/opportunity/bushing-sleeve-242b43ba,2026-08-21
https://getmindy.ai/contractors/kaman-aerospace-corporation/agencies,2026-08-21
https://getmindy.ai/contractors/ahntech-global-inc/naics,2026-08-21
https://getmindy.ai/contractors/vista-technology-services-inc,2026-08-21
https://getmindy.ai/contractors/anacapa-micro-products-inc/naics,2026-08-21
https://getmindy.ai/contractors/hunter-defense-technologies-inc/naics,2026-08-21
https://getmindy.ai/naics/325412/md,2026-08-21
https://getmindy.ai/contractors/ahtna-incorporated/agencies,2026-08-21
https://getmindy.ai/contractors/spectrum-services-group-inc/naics,2026-08-21
https://getmindy.ai/contractors/reuters-news-and-media-inc/agencies,2026-08-21
https://getmindy.ai/contractors/b-e-meyers-and-co-inc/naics,2026-08-21
https://getmindy.ai/contractors/coalfire-systems-inc/naics,2026-08-21
https://getmindy.ai/contractors/global-tech-inc/agencies,2026-08-21
https://getmindy.ai/contractors/luhr-bros-inc/naics,2026-08-21
https://getmindy.ai/contractors/davis-memorial-goodwill-industries/naics,2026-08-21
https://getmindy.ai/contractors/the-carlyle-group-l-p/agencies,2026-08-21
https://getmindy.ai/contractors/cybermedia-technologies-llc/agencies,2026-08-21
https://getmindy.ai/contractors/cognizance-technologies-llc,2026-08-21
https://getmindy.ai/contractors/skanska-ab/naics,2026-08-21
https://getmindy.ai/set-aside/sb/811121,2026-08-21
https://getmindy.ai/contractors/webfirst-llc/agencies,2026-08-21
https://getmindy.ai/contractors/fresenius-medical-care-capital-city-llc,2026-08-21
https://getmindy.ai/contractors/mallinckrodt-inc,2026-08-21
https://getmindy.ai/contractors/chenega-it-enterprise-services-llc,2026-08-21
https://getmindy.ai/contractors/t3i-inc/naics,2026-08-21
https://getmindy.ai/contractors/istor-solutions-llc,2026-08-21
https://getmindy.ai/contractors/sol-solutions-llc/naics,2026-08-21
https://getmindy.ai/opportunity/16-accumulator-pneumat-aea404c4,2026-08-21
https://getmindy.ai/opportunity/16-panel-control-elect-408d01a9,2026-08-21
https://getmindy.ai/opportunity/machinery-health-monitoring-system-8bcd9ce6,2026-08-21
https://getmindy.ai/contractors/cykor-llc/naics,2026-08-21
https://getmindy.ai/opportunity/fort-detrick-bldg-101-pit-raider-supply-97011fc4,2026-08-21
https://getmindy.ai/contractors/l-c-doane-company-the/naics,2026-08-21
https://getmindy.ai/contractors/versa-capital-management-inc/agencies,2026-08-21
https://getmindy.ai/contractors/foster-miller-inc/naics,2026-08-21
https://getmindy.ai/contractors/kingswood-capital-management-llc/naics,2026-08-21
https://getmindy.ai/contractors/lone-star-aerospace-inc/naics,2026-08-21
https://getmindy.ai/contractors/democracy-international-inc,2026-08-21
https://getmindy.ai/contractors/digital-barriers-usa-inc/agencies,2026-08-21
https://getmindy.ai/naics/541519/oh,2026-08-21
https://getmindy.ai/contractors/carnegie-robotics-llc/naics,2026-08-21
https://getmindy.ai/contractors/coherent-corp,2026-08-21
https://getmindy.ai/contractors/chenega-integrated-security-solutions-llc,2026-08-21
https://getmindy.ai/naics/325413/ga,2026-08-21
https://getmindy.ai/contractors/jeol-ltd,2026-08-21
https://getmindy.ai/contractors/ethan-allen-interiors-inc/naics,2026-08-21
https://getmindy.ai/contractors/the-hearst-corporation/naics,2026-08-21
https://getmindy.ai/contractors/tornier-inc/naics,2026-08-21
https://getmindy.ai/contractors/asrc-communications-ltd/naics,2026-08-21
https://getmindy.ai/contractors/erprosource360-llc,2026-08-21
https://getmindy.ai/contractors/syncon-llc/naics,2026-08-21
https://getmindy.ai/opportunity/notice-of-intent-to-award-a-sole-source-to-action-target-inc-3c6eeaa2,2026-08-21
https://getmindy.ai/contractors/tkms-atlas-north-america-llc/naics,2026-08-21
https://getmindy.ai/contractors/quality-technology-incorporated/naics,2026-08-21
https://getmindy.ai/contractors/bundesministerium-fur-umwelt-naturschutz-und-reaktorsicherheit/naics,2026-08-21
https://getmindy.ai/contractors/nichols-contracting-inc/naics,2026-08-21
https://getmindy.ai/contractors/environet-inc/naics,2026-08-21
https://getmindy.ai/contractors/jpl-and-associates-llc/agencies,2026-08-21
https://getmindy.ai/opportunity/ddnv-data-disintegrator-fcad2d9f,2026-08-21
https://getmindy.ai/contractors/summit-point-raceway-associates-inc,2026-08-21
https://getmindy.ai/contractors/sunglim-general-cosntruction-co-ltd/naics,2026-08-21
https://getmindy.ai/opportunity/marketplace-for-acquisition-of-professional-services-maps-2c30460b,2026-08-21
https://getmindy.ai/contractors/rural-route-2-llc,2026-08-21
https://getmindy.ai/contractors/maloney-odin-a-joint-venture,2026-08-21
https://getmindy.ai/contractors/securitas-ab/naics,2026-08-21
https://getmindy.ai/contractors/gilbane-aecom-jv/agencies,2026-08-21
https://getmindy.ai/contractors/f2-solutions-llc/agencies,2026-08-21
https://getmindy.ai/contractors/university-of-connecticut/naics,2026-08-21
https://getmindy.ai/opportunity/underwater-hull-maintenance-and-repair-services-military-sealift-command-b561041a,2026-08-21
https://getmindy.ai/contractors/sourceamerica,2026-08-21
https://getmindy.ai/contractors/international-center-for-language-studies-inc,2026-08-21
https://getmindy.ai/contractors/cmc-and-maintenance-inc/naics,2026-08-21
https://getmindy.ai/contractors/washington-metropolitan-area-transit-authority,2026-08-21
https://getmindy.ai/contractors/gstek-inc/naics,2026-08-21
https://getmindy.ai/contractors/hanna-brothers-enterprises-llc,2026-08-21
https://getmindy.ai/contractors/pae-professional-services-llc/agencies,2026-08-21
https://getmindy.ai/contractors/dmyles-inc,2026-08-21
https://getmindy.ai/contractors/national-native-american-construction-inc/agencies,2026-08-21
https://getmindy.ai/opportunity/notice-of-intent-to-sole-source-to-agilent-technologies-inc-f3310e2b,2026-08-21
https://getmindy.ai/contractors/valiant-solutions-llc/agencies,2026-08-21
https://getmindy.ai/contractors/c-h-boehringer-sohn-ag-and-co-kg/naics,2026-08-21
https://getmindy.ai/contractors/ostrom-painting-and-sandblasting-inc/naics,2026-08-21
https://getmindy.ai/contractors/acustaf-development-corp/agencies,2026-08-21
https://getmindy.ai/contractors/kira-aviation-services-llc,2026-08-21
https://getmindy.ai/contractors/the-siegel-group-llc,2026-08-21
https://getmindy.ai/contractors/abm-industries-inc/naics,2026-08-21
https://getmindy.ai/contractors/collins-construction-services-inc/naics,2026-08-21
https://getmindy.ai/contractors/embry-riddle-aeronautical-university-inc/agencies,2026-08-21
https://getmindy.ai/contractors/siemens-energy-inc/naics,2026-08-21
https://getmindy.ai/contractors/eagle-harbor-llc/naics,2026-08-21
https://getmindy.ai/contractors/silotech-group-inc/naics,2026-08-21
https://getmindy.ai/contractors/marshall-communications-corp/agencies,2026-08-21
https://getmindy.ai/contractors/defense-contracting-activity-llc/agencies,2026-08-21
https://getmindy.ai/contractors/insight-policy-research-inc/naics,2026-08-21
https://getmindy.ai/contractors/most-investments-llc/naics,2026-08-21
https://getmindy.ai/contractors/dct-incorporated/agencies,2026-08-21
https://getmindy.ai/contractors/pyramid-systems-inc/agencies,2026-08-21
https://getmindy.ai/contractors/northcon-inc/agencies,2026-08-21
https://getmindy.ai/contractors/altus-technical-solutions-llc/naics,2026-08-21
https://getmindy.ai/contractors/island-empire-community-development/naics,2026-08-21
https://getmindy.ai/contractors/unified-business-technologies-inc/naics,2026-08-21
https://getmindy.ai/contractors/eagle-integrated-services-llc/naics,2026-08-21
https://getmindy.ai/contractors/katmai-integrated-solutions-llc/agencies,2026-08-21
https://getmindy.ai/contractors/brothers-mechanical-services-llc/agencies,2026-08-21
https://getmindy.ai/contractors/code-plus-inc/agencies,2026-08-21
https://getmindy.ai/contractors/frazier-engineering-inc/naics,2026-08-21
https://getmindy.ai/contractors/foreign-awardees-undisclosed/agencies,2026-08-21
https://getmindy.ai/contractors/polu-kai-services-llc/naics,2026-08-21
https://getmindy.ai/contractors/independent-marine-oil-services-llc/naics,2026-08-21
https://getmindy.ai/contractors/attucks-it-solutions-llc/naics,2026-08-21
https://getmindy.ai/contractors/sandow-construction-inc/naics,2026-08-21
https://getmindy.ai/contractors/nexgen-composites-llc,2026-08-21
https://getmindy.ai/contractors/mdpac-jv,2026-08-21
https://getmindy.ai/contractors/v-pavkov-contracting-co-inc/naics,2026-08-21
https://getmindy.ai/opportunity/call-for-solutions-for-advanced-manufacturing-metal-printer-capability-7b68dba5,2026-08-21
https://getmindy.ai/contractors/northrop-grumman-international-trading-inc/naics,2026-08-21
https://getmindy.ai/contractors/applied-visual-technology-inc,2026-08-21
https://getmindy.ai/contractors/brice-hgl-jv-llc/naics,2026-08-21
https://getmindy.ai/contractors/makpar-nuaxis-jv-llc/agencies,2026-08-21
https://getmindy.ai/contractors/landivar-and-associates-llc/naics,2026-08-21
https://getmindy.ai/contractors/lima-charlie-inc/naics,2026-08-21
https://getmindy.ai/contractors/dante-valve-company/naics,2026-08-21
https://getmindy.ai/contractors/johnson-bros-corp-a-southland-company,2026-08-21
https://getmindy.ai/contractors/better-direct-llc/naics,2026-08-21
https://getmindy.ai/contractors/meltech-corporation-inc/agencies,2026-08-21
https://getmindy.ai/contractors/liona-enterprises-inc/naics,2026-08-21
https://getmindy.ai/contractors/one-federal-solution-corporation/naics,2026-08-21
https://getmindy.ai/contractors/mohawk-northeast-inc/naics,2026-08-21
https://getmindy.ai/contractors/trinity-packaging-llc/naics,2026-08-21
https://getmindy.ai/contractors/goodwill-industries-of-southern-california,2026-08-21
https://getmindy.ai/contractors/carter-industries-inc,2026-08-21
https://getmindy.ai/contractors/impaq-llc/naics,2026-08-21
https://getmindy.ai/contractors/ahtna-environmental-inc/agencies,2026-08-21
https://getmindy.ai/contractors/asr-international-corp/agencies,2026-08-21
https://getmindy.ai/contractors/fca-us-llc/agencies,2026-08-21
https://getmindy.ai/contractors/alliance-one-group-llc/naics,2026-08-21
https://getmindy.ai/contractors/relyant-global-llc,2026-08-21
https://getmindy.ai/naics/238220/ny,2026-08-21
https://getmindy.ai/contractors/toll-remote-logistics-pty-ltd/naics,2026-08-21
https://getmindy.ai/contractors/carestream-health-inc/agencies,2026-08-21
https://getmindy.ai/contractors/systems-integration-and-development-inc/agencies,2026-08-21
https://getmindy.ai/contractors/pyramid-systems-inc,2026-08-21
https://getmindy.ai/top/contractors-in-rhode-island,2026-08-21
https://getmindy.ai/contractors/icf-macro-inc/agencies,2026-08-21
https://getmindy.ai/contractors/synergy-america-inc/naics,2026-08-21
https://getmindy.ai/contractors/vertiv-services-inc/agencies,2026-08-21
https://getmindy.ai/contractors/soos-holding-company-llc/naics,2026-08-21
https://getmindy.ai/contractors/elevated-technologies-inc/naics,2026-08-21
https://getmindy.ai/opportunity/general-services-administration-gsa-seeks-to-lease-the-following-space-el-paso-t-9fddfaec,2026-08-21
https://getmindy.ai/contractors/angels-general-construction-inc/agencies,2026-08-21
https://getmindy.ai/contractors/i360technologies-inc/agencies,2026-08-21
https://getmindy.ai/naics/3231/dc,2026-08-21
https://getmindy.ai/contractors/marshall-of-cambridge-holdings-limited,2026-08-21
https://getmindy.ai/opportunity/dot-hq-moveable-bollards-fa228732,2026-08-21
https://getmindy.ai/contractors/golden-gate-capital-lp/agencies,2026-08-21
https://getmindy.ai/contractors/hennepin-faculty-associates-inc,2026-08-21
https://getmindy.ai/contractors/alutiiq-professional-training-llc/agencies,2026-08-21
https://getmindy.ai/contractors/guardian-environmental-services-co-inc/naics,2026-08-21
https://getmindy.ai/contractors/urs-group-inc/agencies,2026-08-21
https://getmindy.ai/contractors/borealis-enterprises-llc/naics,2026-08-21
https://getmindy.ai/contractors/advanced-technology-systems-inc/naics,2026-08-21
https://getmindy.ai/contractors/state-of-mississippi/agencies,2026-08-21
https://getmindy.ai/contractors/business-management-associates-inc/agencies,2026-08-21
https://getmindy.ai/set-aside/8a/334515,2026-08-21
https://getmindy.ai/contractors/alliance-global-group-llc/naics,2026-08-21
https://getmindy.ai/contractors/the-lioce-group-inc/agencies,2026-08-21
https://getmindy.ai/set-aside/sb/327999,2026-08-21
https://getmindy.ai/opportunity/cg-dress-trousers-and-slacks-solicitation-11371e7c,2026-08-21
https://getmindy.ai/opportunity/ecostruxure-panel-server-wired-by-design-a-universal-concentrator-modbus-gateway-7d456f7d,2026-08-21
https://getmindy.ai/contractors/ssai-of-georgia-llc/naics,2026-08-21
https://getmindy.ai/opportunity/purchase-sealed-lead-battery-for-hc-144-aircraft-d0e23d0d,2026-08-21
https://getmindy.ai/contractors/dawn-incorporated/naics,2026-08-21
https://getmindy.ai/contractors/tuvli-llc/agencies,2026-08-21
https://getmindy.ai/contractors/dinocrates-group-llc,2026-08-21
https://getmindy.ai/contractors/nacci-construction-services-inc/naics,2026-08-21
https://getmindy.ai/contractors/new-hampshire-state-of/naics,2026-08-21
https://getmindy.ai/contractors/infinite-energy-construction-inc,2026-08-21
https://getmindy.ai/contractors/hc-merchandisers-inc,2026-08-21
https://getmindy.ai/contractors/amentum-technology-inc/agencies,2026-08-21
https://getmindy.ai/contractors/a-mrm-sundt-joint-venture,2026-08-21
https://getmindy.ai/contractors/herstal-sa,2026-08-21
https://getmindy.ai/naics/488190/md,2026-08-21
https://getmindy.ai/opportunity/kittyhawk-chapel-sound-system-projector-and-av-wiring-installation-service-632d3117,2026-08-21
https://getmindy.ai/opportunity/wheel-subassembly-i-5052af4c,2026-08-21
https://getmindy.ai/contractors/florida-keys-aqueduct-authority,2026-08-21
https://getmindy.ai/contractors/vernadero-group-inc/agencies,2026-08-21
https://getmindy.ai/contractors/precision-auto-care-inc,2026-08-21
https://getmindy.ai/contractors/marathon-construction-corporation,2026-08-21
https://getmindy.ai/contractors/metrics-llc,2026-08-21
https://getmindy.ai/contractors/omega-pipeline-company-llc,2026-08-21
https://getmindy.ai/opportunity/47-coupling-half-quick-2c88422d,2026-08-21
https://getmindy.ai/contractors/kizano-corp/naics,2026-08-21
https://getmindy.ai/contractors/jag-industrial-services-inc,2026-08-21
https://getmindy.ai/contractors/independent-metal-strap-co-inc/naics,2026-08-21
https://getmindy.ai/contractors/education-development-center-inc/naics,2026-08-21
https://getmindy.ai/contractors/poarch-band-of-creek-indians/agencies,2026-08-21
https://getmindy.ai/contractors/electronic-metrology-laboratory-llc/naics,2026-08-21
https://getmindy.ai/contractors/abry-partners-inc/naics,2026-08-21
https://getmindy.ai/contractors/esi-contracting-corp/naics,2026-08-21
https://getmindy.ai/contractors/phigenics-llc/agencies,2026-08-21
https://getmindy.ai/opportunity/request-for-information-construction-and-facilities-engineering-records-manageme-5da96d04,2026-08-21
https://getmindy.ai/contractors/yerba-buena-engineering-and-construction-inc/agencies,2026-08-21
https://getmindy.ai/contractors/jm-grain-inc/naics,2026-08-21
https://getmindy.ai/contractors/itochu-corporation/naics,2026-08-21
https://getmindy.ai/contractors/altus-technical-solutions-llc/agencies,2026-08-21
https://getmindy.ai/contractors/mse-group-llc,2026-08-21
https://getmindy.ai/contractors/mdc-global-solutions-llc/agencies,2026-08-21
https://getmindy.ai/contractors/connecticut-container-corp/naics,2026-08-21
https://getmindy.ai/contractors/wood-programs-inc/agencies,2026-08-21
https://getmindy.ai/contractors/powertek-corporation/naics,2026-08-21
https://getmindy.ai/contractors/nextech-lintech-llc/naics,2026-08-21
https://getmindy.ai/contractors/expression-networks-llc/naics,2026-08-21
https://getmindy.ai/contractors/casepoint-llc/agencies,2026-08-21
https://getmindy.ai/contractors/allcom-global-services-inc/agencies,2026-08-21
https://getmindy.ai/opportunity/b180-100-ton-chiller-rental-151b3ac5,2026-08-21
https://getmindy.ai/contractors/poplicus-incorporated/naics,2026-08-21
https://getmindy.ai/contractors/techlaw-inc/agencies,2026-08-21
https://getmindy.ai/contractors/ama-diversified-construction-group/naics,2026-08-21
https://getmindy.ai/contractors/skytek-llc/naics,2026-08-21
https://getmindy.ai/contractors/l-air-liquide-societe-anonyme-pour-l-etude-et-l-exploitation-des-procedes-georges-claude/contracts,2026-08-21
https://getmindy.ai/contractors/kingfisher-systems-inc/agencies,2026-08-21
https://getmindy.ai/contractors/united-rentals-inc/agencies,2026-08-21
https://getmindy.ai/contractors/apro-international-inc/naics,2026-08-21
https://getmindy.ai/contractors/vetjet-fuels-llc,2026-08-21
https://getmindy.ai/contractors/dynamo-technologies-llc/agencies,2026-08-21
https://getmindy.ai/contractors/agate-construction-company-inc/naics,2026-08-21
https://getmindy.ai/contractors/global-management-services-llc,2026-08-21
https://getmindy.ai/contractors/national-conferencing-inc/naics,2026-08-21
https://getmindy.ai/contractors/pride-mobility-products-corporation/agencies,2026-08-21
https://getmindy.ai/contractors/tech-data-corporation/agencies,2026-08-21
https://getmindy.ai/contractors/equinoxys-inc/naics,2026-08-21
https://getmindy.ai/contractors/dakota-consulting-incorporated/naics,2026-08-21
https://getmindy.ai/opportunity/47-adapter-straight-tu-d65205d8,2026-08-21
https://getmindy.ai/contractors/wayne-state-university/agencies,2026-08-21
https://getmindy.ai/contractors/the-george-mason-university-instructional-foundation-inc/naics,2026-08-21
https://getmindy.ai/contractors/smithgroup-companies-inc/agencies,2026-08-21
https://getmindy.ai/contractors/fed-con-vc-joint-venture,2026-08-21
https://getmindy.ai/contractors/national-capitol-contracting-llc/naics,2026-08-21
https://getmindy.ai/contractors/patten-co-inc/agencies,2026-08-21
https://getmindy.ai/contractors/emc-corporation/agencies,2026-08-21
https://getmindy.ai/psc/5420,2026-08-21
https://getmindy.ai/contractors/kar-contracting-llc/naics,2026-08-21
https://getmindy.ai/contractors/namtek-corp/agencies,2026-08-21
https://getmindy.ai/contractors/able-heating-and-air-conditioning-inc,2026-08-21
https://getmindy.ai/contractors/kranze-technology-solutions-inc/naics,2026-08-21
https://getmindy.ai/opportunity/beyond-the-award-making-your-mas-contract-work-for-you-4078af11,2026-08-21
https://getmindy.ai/opportunity/pin-assembly-cb0e4ef3,2026-08-21
https://getmindy.ai/contractors/york-telecom-corp/naics,2026-08-21
https://getmindy.ai/opportunity/nssf-indoor-range-maintenance-2911c0be,2026-08-21
https://getmindy.ai/contractors/facilities-development-corporation/naics,2026-08-21
https://getmindy.ai/contractors/chenega-mission-operations-llc/naics,2026-08-21
https://getmindy.ai/contractors/cw-resources-inc/agencies,2026-08-21
https://getmindy.ai/contractors/strategic-mgmt-solutions-inc,2026-08-21
https://getmindy.ai/contractors/swingtech-consulting-inc/naics,2026-08-21
https://getmindy.ai/contractors/teco-energy-inc/agencies,2026-08-21
https://getmindy.ai/contractors/sunrise-beach-corporation,2026-08-21
https://getmindy.ai/contractors/ellumen-inc/naics,2026-08-21
https://getmindy.ai/contractors/constellation-inc/naics,2026-08-21
https://getmindy.ai/contractors/ebl-engineers-llc/agencies,2026-08-21
https://getmindy.ai/contractors/gkn-plc/naics,2026-08-21
https://getmindy.ai/contractors/jasint-consulting-and-technologies-llc/naics,2026-08-21
https://getmindy.ai/contractors/systems-integration-inc/agencies,2026-08-21
https://getmindy.ai/contractors/universal-marine-services-inc/naics,2026-08-21
https://getmindy.ai/contractors/gpc-consolidated-reporting/naics,2026-08-21
https://getmindy.ai/contractors/muscogee-staffing-solutions-llc/naics,2026-08-21
https://getmindy.ai/opportunity/uscgc-yard-pump-centrifugal-ccde6369,2026-08-21
https://getmindy.ai/contractors/david-clark-co-inc/agencies,2026-08-21
https://getmindy.ai/contractors/the-bahrain-petroleum-company-bsc-closed,2026-08-21
https://getmindy.ai/contractors/trilogy-federal-llc/naics,2026-08-21
https://getmindy.ai/contractors/street-legal-industries-llc/naics,2026-08-21
https://getmindy.ai/contractors/sundance-consultants-llc/naics,2026-08-21
https://getmindy.ai/contractors/fn-herstal/agencies,2026-08-21
https://getmindy.ai/contractors/ewr-radar-systems-inc/naics,2026-08-21
https://getmindy.ai/contractors/rda-inc/naics,2026-08-21
https://getmindy.ai/contractors/projectxyz-inc/naics,2026-08-21
https://getmindy.ai/contractors/aventure-technologies-llc,2026-08-21
https://getmindy.ai/contractors/ben-fitzgerald-real-estate-services-l-l-c/naics,2026-08-21
https://getmindy.ai/contractors/bialek-corporation-of-maryland/naics,2026-08-21
https://getmindy.ai/contractors/data-management-services-inc/naics,2026-08-21
https://getmindy.ai/contractors/dynamic-systems-inc/naics,2026-08-21
https://getmindy.ai/contractors/centeva-llc/naics,2026-08-21
https://getmindy.ai/contractors/ndi-engineering-company/naics,2026-08-21
https://getmindy.ai/contractors/cci-facility-contractors-llc/agencies,2026-08-21
https://getmindy.ai/set-aside/sb/484110,2026-08-21
https://getmindy.ai/contractors/new-directions-technologies-inc/naics,2026-08-21
https://getmindy.ai/contractors/hanks-hanks-and-associates-llc/agencies,2026-08-21
https://getmindy.ai/contractors/independent-hardware-inc/naics,2026-08-21
https://getmindy.ai/contractors/aramark-services-inc/naics,2026-08-21
https://getmindy.ai/contractors/harris-farms-inc,2026-08-21
https://getmindy.ai/contractors/tanadgusix-corporation/agencies,2026-08-21
https://getmindy.ai/psc/y1bf,2026-08-21
https://getmindy.ai/contractors/sap-ag,2026-08-21
https://getmindy.ai/contractors/agviq-llc,2026-08-21
https://getmindy.ai/contractors/erdas-inc/naics,2026-08-21
https://getmindy.ai/contractors/pds-consultants-inc/naics,2026-08-21
https://getmindy.ai/contractors/hydra-engineering-and-construction-llc/naics,2026-08-21
https://getmindy.ai/contractors/caliola-engineering-llc/naics,2026-08-21
https://getmindy.ai/contractors/byrd-enterprises-unlimited-inc/agencies,2026-08-21
https://getmindy.ai/naics/561720/hi,2026-08-21
https://getmindy.ai/contractors/davis-memorial-goodwill-industries,2026-08-21
https://getmindy.ai/contractors/bren-tronics-defense-llc/naics,2026-08-21
https://getmindy.ai/contractors/d1-holdings-llc/naics,2026-08-21
https://getmindy.ai/contractors/business-enabled-acquisition-and-technology-inc/naics,2026-08-21
https://getmindy.ai/contractors/feith-systems-and-software-inc/naics,2026-08-21
https://getmindy.ai/contractors/rocky-mountain-holdings-l-l-c,2026-08-21
https://getmindy.ai/contractors/platform-systems-incorporated/naics,2026-08-21
https://getmindy.ai/contractors/paragon-technical-services-inc,2026-08-21
https://getmindy.ai/contractors/aleut-remediation-llc/agencies,2026-08-21
https://getmindy.ai/contractors/consilium-staffing-llc/naics,2026-08-21
https://getmindy.ai/contractors/55-industries-llc/naics,2026-08-21
https://getmindy.ai/contractors/gaithersburg-farmers-supply-inc,2026-08-21
https://getmindy.ai/contractors/cerus-corporation/naics,2026-08-21
https://getmindy.ai/contractors/mts3-inc,2026-08-21
https://getmindy.ai/contractors/bristol-design-build-services-llc/agencies,2026-08-21
https://getmindy.ai/contractors/advanced-quality-alliance-llc/agencies,2026-08-21
https://getmindy.ai/contractors/greenway-enterprises-inc/naics,2026-08-21
https://getmindy.ai/contractors/mori-seiki-co-ltd/naics,2026-08-21
https://getmindy.ai/naics/337214/ca,2026-08-21
https://getmindy.ai/contractors/bkm-construction-llc/agencies,2026-08-21
https://getmindy.ai/contractors/tsi-holding-company/naics,2026-08-21
https://getmindy.ai/contractors/ppt-solutions-inc,2026-08-21
https://getmindy.ai/contractors/investor-ab,2026-08-21
https://getmindy.ai/contractors/blackboard-inc,2026-08-21
https://getmindy.ai/contractors/bp-p-l-c,2026-08-21
https://getmindy.ai/opportunity/wwyk150185-repair-roadways-parking-at-munitions-area-wwyk190230-repair-arnold-av-cc9c5450,2026-08-21
https://getmindy.ai/opportunity/59-diplexer-d69eb186,2026-08-21
https://getmindy.ai/contractors/merlin-petroleum-co-inc/naics,2026-08-21
https://getmindy.ai/contractors/monument-construction-llc/naics,2026-08-21
https://getmindy.ai/contractors/h-squared-inc/naics,2026-08-21
https://getmindy.ai/contractors/brice-civil-constructors-inc/naics,2026-08-21
https://getmindy.ai/contractors/utah-state-of/agencies,2026-08-21
https://getmindy.ai/contractors/blackhorse-a-parsons-llc/agencies,2026-08-21
https://getmindy.ai/contractors/mallory-safety-and-supply-llc,2026-08-21
https://getmindy.ai/contractors/mik-construction-inc/naics,2026-08-21
https://getmindy.ai/contractors/fci-enterprises-llc,2026-08-21
https://getmindy.ai/contractors/schneider-electric-federal-inc,2026-08-21
https://getmindy.ai/contractors/comtech-mobile-datacom-llc,2026-08-21
https://getmindy.ai/contractors/norco-inc,2026-08-21
https://getmindy.ai/contractors/sustainment-technologies-llc,2026-08-21
https://getmindy.ai/contractors/brillient-corporation/naics,2026-08-21
https://getmindy.ai/contractors/western-refining-inc/agencies,2026-08-21
https://getmindy.ai/opportunity/5595-15-179-3265-40a-helicopter-uh-60a-uh-60l-uh-671315c4,2026-08-21
https://getmindy.ai/contractors/ahtna-professional-services-inc,2026-08-21
https://getmindy.ai/contractors/doyon-technical-services-llc,2026-08-21
https://getmindy.ai/contractors/sae-international,2026-08-21
https://getmindy.ai/contractors/mig-gov-llc,2026-08-21
https://getmindy.ai/contractors/mile-two-llc,2026-08-21
https://getmindy.ai/opportunity/f-madsen-id-blm-doi-cheatgrass-herbicide-treatment-64b0e240,2026-08-21
https://getmindy.ai/opportunity/25-wheel-assembly-pneu-7eaccd84,2026-08-21
https://getmindy.ai/contractors/counterpointe-solutions-inc,2026-08-21
https://getmindy.ai/contractors/stampede-ventures-inc/agencies,2026-08-21
https://getmindy.ai/contractors/h-and-s-resources-corporation/naics,2026-08-21
https://getmindy.ai/contractors/goldbelt-c6-llc/naics,2026-08-21
https://getmindy.ai/contractors/airbus-ds-military-aircraft-inc/naics,2026-08-21
https://getmindy.ai/contractors/data-link-solutions-llc/naics,2026-08-21
https://getmindy.ai/contractors/emsystems-llc/agencies,2026-08-21
https://getmindy.ai/contractors/sap-se/naics,2026-08-21
https://getmindy.ai/contractors/chenega-government-mission-solutions-llc/agencies,2026-08-21
https://getmindy.ai/contractors/mts-systems-corporation/naics,2026-08-21
https://getmindy.ai/opportunity/43-pump-unit-centrifug-in-repair-modification-of-d14e0d02,2026-08-21
https://getmindy.ai/contractors/wilhelmsen-ships-service-inc,2026-08-21
https://getmindy.ai/naics/339112/de,2026-08-21
https://getmindy.ai/contractors/ark-construction-management-llc/agencies,2026-08-21
https://getmindy.ai/contractors/lexical-intelligence-llc/naics,2026-08-21
https://getmindy.ai/contractors/marstel-day-llc/naics,2026-08-21
https://getmindy.ai/contractors/engenius-consulting-group-inc/agencies,2026-08-21
https://getmindy.ai/contractors/environmental-research-group-l-l-c/agencies,2026-08-21
https://getmindy.ai/contractors/wawona-frozen-foods-inc,2026-08-21
https://getmindy.ai/contractors/wecsys-llc/agencies,2026-08-21
https://getmindy.ai/naics/238910/ga,2026-08-21
https://getmindy.ai/contractors/seneca-global-services-llc/naics,2026-08-21
https://getmindy.ai/contractors/new-era-technology-inc,2026-08-21
https://getmindy.ai/contractors/kuog-corp/naics,2026-08-21
https://getmindy.ai/contractors/swinerton-incorporated,2026-08-21
https://getmindy.ai/contractors/knds-deutschland-gmbh-and-co-kg/naics,2026-08-21
https://getmindy.ai/contractors/cision-ltd,2026-08-21
https://getmindy.ai/contractors/ascent-consulting-co,2026-08-21
https://getmindy.ai/contractors/oculus-group-llc/naics,2026-08-21
https://getmindy.ai/contractors/moebius-solutions-inc/naics,2026-08-21
https://getmindy.ai/contractors/encore-group-usa-llc/naics,2026-08-21
https://getmindy.ai/naics/721214/tx,2026-08-21
https://getmindy.ai/contractors/acorn-growth-companies-llc,2026-08-21
https://getmindy.ai/contractors/chitra-productions-llc/agencies,2026-08-21
https://getmindy.ai/contractors/design-west-technologies-inc/naics,2026-08-21
https://getmindy.ai/contractors/asmd-llc,2026-08-21
https://getmindy.ai/contractors/stg-pacific-llc,2026-08-21
https://getmindy.ai/contractors/cc-viii-operating-llc/agencies,2026-08-21
https://getmindy.ai/contractors/solid-state-scientific-corporation/naics,2026-08-21
https://getmindy.ai/contractors/ecolog-deutschland-gmbh/naics,2026-08-21
https://getmindy.ai/contractors/raven-services-corp/agencies,2026-08-21
https://getmindy.ai/contractors/mettler-toledo-international-inc/agencies,2026-08-21
https://getmindy.ai/contractors/h-i-g-capital-l-l-c/agencies,2026-08-21
https://getmindy.ai/contractors/gredale-llc,2026-08-21
https://getmindy.ai/contractors/downrange-operations-and-training-llc/naics,2026-08-21
https://getmindy.ai/contractors/integrityone-partners-inc/naics,2026-08-21
https://getmindy.ai/contractors/chenega-logistics-llc/agencies,2026-08-21
https://getmindy.ai/contractors/vhb-llc,2026-08-21
https://getmindy.ai/contractors/clarity-innovations-llc,2026-08-21
https://getmindy.ai/opportunity/ultima-genomics-opentrons-flex-v2-00aa3fb8,2026-08-21
https://getmindy.ai/contractors/magnet-forensics-llc/agencies,2026-08-21
https://getmindy.ai/opportunity/odr-stage-bc9cdc6b,2026-08-21
https://getmindy.ai/opportunity/lsd-47-4pk-nonskid-deck-covering-and-deck-plate-at-06-level-weather-deck-replace-68fa3165,2026-08-21
https://getmindy.ai/contractors/wakelight-technologies-llc/naics,2026-08-21
https://getmindy.ai/contractors/aptive-resources/agencies,2026-08-21
https://getmindy.ai/contractors/sc-jones-services-inc,2026-08-21
https://getmindy.ai/contractors/cockram-construction-australia-pty-ltd,2026-08-21
https://getmindy.ai/contractors/highpoint-global-llc/agencies,2026-08-21
https://getmindy.ai/contractors/coburn-contracting-l-l-c,2026-08-21
https://getmindy.ai/contractors/triverus-llc,2026-08-21
https://getmindy.ai/contractors/magellan-midstream-partners-l-p,2026-08-21
https://getmindy.ai/contractors/ws-acquisition-llc/naics,2026-08-21
https://getmindy.ai/opportunity/uss-stout-ddg-55-gas-turbine-exhaust-duct-flange-gasket-and-fastener-cmav-d146febf,2026-08-21
https://getmindy.ai/opportunity/16-flow-sensor-03d56388,2026-08-21
https://getmindy.ai/contractors/analog-photonics-llc,2026-08-21
https://getmindy.ai/contractors/johnson-truck-center-llc/agencies,2026-08-21
https://getmindy.ai/contractors/global-industries-inc/agencies,2026-08-21
https://getmindy.ai/opportunity/palo-alto-networks-subscription-support-renewals-7e5829bb,2026-08-21
https://getmindy.ai/contractors/airboss-of-america-corp/agencies,2026-08-21
https://getmindy.ai/contractors/dsd-laboratories-inc/naics,2026-08-21
https://getmindy.ai/opportunity/658-317-consolidate-intensive-care-unit-salem-va-84d824e4,2026-08-21
https://getmindy.ai/contractors/kiliuda-consulting-llc/naics,2026-08-21
https://getmindy.ai/contractors/aviate-enterprises-inc,2026-08-21